{"oversized_in_gui":true,"model":{"type":"range_dispatch","property":"custom_model_data","index":0,"entries":[{"threshold":1000.0,"model":{"type":"model","model":"minecraft:item/custom/gui/next_page_0"}},{"threshold":1001.0,"model":{"type":"model","model":"minecraft:item/custom/gui/next_page_1"}},{"threshold":1002.0,"model":{"type":"model","model":"minecraft:item/custom/gui/previous_page_0"}},{"threshold":1003.0,"model":{"type":"model","model":"minecraft:item/custom/gui/previous_page_1"}},{"threshold":1004.0,"model":{"type":"model","model":"minecraft:item/custom/gui/return"}},{"threshold":1005.0,"model":{"type":"model","model":"minecraft:item/custom/gui/get_item"}},{"threshold":1006.0,"model":{"type":"model","model":"minecraft:item/custom/gui/cooking_info"}},{"threshold":1007.0,"model":{"type":"model","model":"minecraft:item/custom/gui/exit"}}],"fallback":{"type":"model","model":"minecraft:item/arrow"}}}