{
	"textures": {
		"0": "block/custom/fairy_flower_1",
		"particle": "block/custom/fairy_flower_1"
	},
	"elements": [
		{
			"from": [3.75, 0, 12.25],
			"to": [15.75, 29, 12.25],
			"rotation": {"angle": 45, "axis": "y", "origin": [3.75, 0, 12.25]},
			"faces": {
				"north": {"uv": [0, 0, 6, 14.5], "texture": "#0"},
				"east": {"uv": [0, 0, 2, 2], "texture": "#0"},
				"south": {"uv": [0, 0, 6, 14.5], "texture": "#0"},
				"west": {"uv": [0, 0, 2, 2], "texture": "#0"},
				"up": {"uv": [0, 0, 2, 2], "texture": "#0"},
				"down": {"uv": [0, 0, 2, 2], "texture": "#0"}
			}
		},
		{
			"from": [3.75, 0, 3.75],
			"to": [3.75, 29, 15.75],
			"rotation": {"angle": 45, "axis": "y", "origin": [3.75, 0, 3.75]},
			"faces": {
				"north": {"uv": [0, 0, 2, 2], "texture": "#0"},
				"east": {"uv": [0, 0, 6, 14.5], "texture": "#0"},
				"south": {"uv": [0, 0, 2, 2], "texture": "#0"},
				"west": {"uv": [0, 0, 6, 14.5], "texture": "#0"},
				"up": {"uv": [0, 0, 2, 2], "rotation": 270, "texture": "#0"},
				"down": {"uv": [0, 0, 2, 2], "rotation": 90, "texture": "#0"}
			}
		},
		{
			"from": [7, 28, 7],
			"to": [9, 30, 9],
			"rotation": {"angle": 0, "axis": "y", "origin": [7, 28, 7]},
			"shade": false,
			"faces": {
				"north": {"uv": [15, 0, 16, 1], "texture": "#0"},
				"east": {"uv": [15, 0, 16, 1], "texture": "#0"},
				"south": {"uv": [15, 0, 16, 1], "texture": "#0"},
				"west": {"uv": [15, 0, 16, 1], "texture": "#0"},
				"up": {"uv": [15, 0, 16, 1], "texture": "#0"},
				"down": {"uv": [15, 0, 16, 1], "texture": "#0"}
			}
		}
	]
}