{
	"textures": {
		"0": "block/custom/magma_plant",
		"particle": "block/custom/magma_plant"
	},
	"elements": [
		{
			"from": [6.1, 11.1, 6.1],
			"to": [3.9, 8.9, 3.9],
			"rotation": {"angle": 0, "axis": "y", "origin": [4, 9, 6]},
			"shade": false,
			"faces": {
				"north": {"uv": [1, 2, 0, 1], "texture": "#0"},
				"east": {"uv": [1, 2, 0, 1], "texture": "#0"},
				"south": {"uv": [0, 2, 1, 1], "texture": "#0"},
				"west": {"uv": [0, 2, 1, 1], "texture": "#0"},
				"up": {"uv": [1, 2, 0, 1], "texture": "#0"},
				"down": {"uv": [1, 2, 0, 1], "texture": "#0"}
			}
		},
		{
			"from": [4, 9, 4],
			"to": [6, 11, 6],
			"rotation": {"angle": 0, "axis": "y", "origin": [4, 9, 6]},
			"shade": false,
			"faces": {
				"north": {"uv": [0, 0, 1, 1], "texture": "#0"},
				"east": {"uv": [1, 0, 2, 1], "texture": "#0"},
				"south": {"uv": [2, 0, 1, 1], "texture": "#0"},
				"west": {"uv": [1, 0, 0, 1], "texture": "#0"},
				"up": {"uv": [2, 1, 3, 0], "texture": "#0"},
				"down": {"uv": [3, 1, 4, 0], "texture": "#0"}
			}
		},
		{
			"from": [11.1, 9.1, 11.1],
			"to": [8.9, 6.9, 8.9],
			"rotation": {"angle": 0, "axis": "y", "origin": [11, 7, 9]},
			"shade": false,
			"faces": {
				"north": {"uv": [0, 2, 1, 1], "texture": "#0"},
				"east": {"uv": [0, 2, 1, 1], "texture": "#0"},
				"south": {"uv": [1, 2, 0, 1], "texture": "#0"},
				"west": {"uv": [1, 2, 0, 1], "texture": "#0"},
				"up": {"uv": [0, 1, 1, 2], "texture": "#0"},
				"down": {"uv": [0, 1, 1, 2], "texture": "#0"}
			}
		},
		{
			"from": [9, 7, 9],
			"to": [11, 9, 11],
			"rotation": {"angle": 0, "axis": "y", "origin": [11, 7, 9]},
			"shade": false,
			"faces": {
				"north": {"uv": [2, 0, 1, 1], "texture": "#0"},
				"east": {"uv": [1, 0, 0, 1], "texture": "#0"},
				"south": {"uv": [0, 0, 1, 1], "texture": "#0"},
				"west": {"uv": [1, 0, 2, 1], "texture": "#0"},
				"up": {"uv": [3, 0, 2, 1], "texture": "#0"},
				"down": {"uv": [4, 0, 3, 1], "texture": "#0"}
			}
		},
		{
			"from": [6.1, 13.1, 12.1],
			"to": [3.9, 10.9, 9.9],
			"rotation": {"angle": 0, "axis": "y", "origin": [4, 11, 10]},
			"shade": false,
			"faces": {
				"north": {"uv": [1, 2, 0, 1], "texture": "#0"},
				"east": {"uv": [0, 2, 1, 1], "texture": "#0"},
				"south": {"uv": [0, 2, 1, 1], "texture": "#0"},
				"west": {"uv": [1, 2, 0, 1], "texture": "#0"},
				"up": {"uv": [1, 1, 0, 2], "texture": "#0"},
				"down": {"uv": [1, 1, 0, 2], "texture": "#0"}
			}
		},
		{
			"from": [4, 11, 10],
			"to": [6, 13, 12],
			"rotation": {"angle": 0, "axis": "y", "origin": [4, 11, 10]},
			"shade": false,
			"faces": {
				"north": {"uv": [1, 0, 2, 1], "texture": "#0"},
				"east": {"uv": [2, 0, 1, 1], "texture": "#0"},
				"south": {"uv": [1, 0, 0, 1], "texture": "#0"},
				"west": {"uv": [0, 0, 1, 1], "texture": "#0"},
				"up": {"uv": [2, 0, 3, 1], "texture": "#0"},
				"down": {"uv": [3, 0, 4, 1], "texture": "#0"}
			}
		},
		{
			"from": [8, 0, 0],
			"to": [8, 16, 16],
			"rotation": {"angle": 45, "axis": "y", "origin": [8, 8, 8]},
			"shade": false,
			"faces": {
				"north": {"uv": [12, 0, 12, 4], "texture": "#0"},
				"east": {"uv": [16, 8, 8, 16], "texture": "#0"},
				"south": {"uv": [12, 0, 12, 4], "texture": "#0"},
				"west": {"uv": [8, 8, 16, 16], "texture": "#0"},
				"up": {"uv": [12, 4, 12, 0], "texture": "#0"},
				"down": {"uv": [12, 0, 12, 4], "texture": "#0"}
			}
		},
		{
			"from": [8, 0, 0],
			"to": [8, 16, 16],
			"rotation": {"angle": -45, "axis": "y", "origin": [8, 8, 8]},
			"shade": false,
			"faces": {
				"north": {"uv": [12, 0, 12, 4], "texture": "#0"},
				"east": {"uv": [16, 8, 8, 16], "texture": "#0"},
				"south": {"uv": [12, 0, 12, 4], "texture": "#0"},
				"west": {"uv": [8, 8, 16, 16], "texture": "#0"},
				"up": {"uv": [12, 4, 12, 0], "texture": "#0"},
				"down": {"uv": [12, 0, 12, 4], "texture": "#0"}
			}
		}
	]
}