{
	"textures": {
		"0": "block/custom/pebble",
		"particle": "block/custom/pebble"
	},
	"elements": [
		{
			"from": [2.01, -0.99, 8.01],
			"to": [4.99, 2.99, 10.99],
			"rotation": {"angle": 45, "axis": "z", "origin": [3.5, 1.5, 9.5]},
			"faces": {
				"north": {"uv": [12, 4, 13.5, 6], "texture": "#0"},
				"east": {"uv": [2.5, 6, 4, 8], "texture": "#0"},
				"south": {"uv": [4, 6, 5.5, 8], "texture": "#0"},
				"west": {"uv": [5.5, 6, 7, 8], "texture": "#0"},
				"up": {"uv": [16, 6, 14.5, 4.5], "texture": "#0"},
				"down": {"uv": [16, 6, 14.5, 7.5], "texture": "#0"}
			}
		},
		{
			"from": [8, 0, 5],
			"to": [12, 3, 9],
			"rotation": {"angle": 0, "axis": "y", "origin": [5, 0, 6]},
			"faces": {
				"north": {"uv": [14, 3, 16, 4.5], "texture": "#0"},
				"east": {"uv": [7, 7, 9, 8.5], "texture": "#0"},
				"south": {"uv": [14, 0, 16, 1.5], "texture": "#0"},
				"west": {"uv": [14, 1.5, 16, 3], "texture": "#0"},
				"up": {"uv": [14, 2, 12, 0], "texture": "#0"},
				"down": {"uv": [14, 2, 12, 4], "texture": "#0"}
			}
		},
		{
			"from": [4.99, -0.01, 6.99],
			"to": [10.01, 4.01, 12.01],
			"rotation": {"angle": 0, "axis": "y", "origin": [5, 0, 6]},
			"faces": {
				"north": {"uv": [9.5, 0, 12, 2], "texture": "#0"},
				"east": {"uv": [9.5, 2, 12, 4], "texture": "#0"},
				"south": {"uv": [9.5, 4, 12, 6], "texture": "#0"},
				"west": {"uv": [7, 5, 9.5, 7], "texture": "#0"},
				"up": {"uv": [9.5, 2.5, 7, 0], "texture": "#0"},
				"down": {"uv": [9.5, 2.5, 7, 5], "texture": "#0"}
			}
		}
	]
}