{
	"textures": {
		"0": "block/custom/pebble",
		"particle": "block/custom/pebble"
	},
	"elements": [
		{
			"from": [4, -0.99, 5],
			"to": [7, 1.01, 8],
			"rotation": {"angle": 0, "axis": "y", "origin": [4, 0, 5]},
			"faces": {
				"north": {"uv": [5, 1.5, 6.5, 2.5], "texture": "#0"},
				"east": {"uv": [5, 2.5, 6.5, 3.5], "texture": "#0"},
				"south": {"uv": [5, 3.5, 6.5, 4.5], "texture": "#0"},
				"west": {"uv": [5, 4.5, 6.5, 5.5], "texture": "#0"},
				"up": {"uv": [1.5, 6.5, 0, 5], "texture": "#0"},
				"down": {"uv": [6.5, 0, 5, 1.5], "texture": "#0"}
			}
		},
		{
			"from": [6, -1, 6],
			"to": [11, 2, 11],
			"rotation": {"angle": 0, "axis": "y", "origin": [6, 0, 6]},
			"faces": {
				"north": {"uv": [2.5, 0, 5, 1.5], "texture": "#0"},
				"east": {"uv": [2.5, 1.5, 5, 3], "texture": "#0"},
				"south": {"uv": [2.5, 3, 5, 4.5], "texture": "#0"},
				"west": {"uv": [2.5, 4.5, 5, 6], "texture": "#0"},
				"up": {"uv": [2.5, 2.5, 0, 0], "texture": "#0"},
				"down": {"uv": [2.5, 2.5, 0, 5], "texture": "#0"}
			}
		}
	]
}