{"providers":[{"type":"bitmap","height":-3,"ascent":-5000,"file":"minecraft:font/offset/space_split.png","chars":["\uf800"]},{"type":"bitmap","height":-4,"ascent":-5000,"file":"minecraft:font/offset/space_split.png","chars":["\uf801"]},{"type":"bitmap","height":-5,"ascent":-5000,"file":"minecraft:font/offset/space_split.png","chars":["\uf802"]},{"type":"bitmap","height":-6,"ascent":-5000,"file":"minecraft:font/offset/space_split.png","chars":["\uf803"]},{"type":"bitmap","height":-7,"ascent":-5000,"file":"minecraft:font/offset/space_split.png","chars":["\uf804"]},{"type":"bitmap","height":-8,"ascent":-5000,"file":"minecraft:font/offset/space_split.png","chars":["\uf805"]},{"type":"bitmap","height":-9,"ascent":-5000,"file":"minecraft:font/offset/space_split.png","chars":["\uf806"]},{"type":"bitmap","height":-10,"ascent":-5000,"file":"minecraft:font/offset/space_split.png","chars":["\uf807"]},{"type":"bitmap","height":-11,"ascent":-5000,"file":"minecraft:font/offset/space_split.png","chars":["\uf808"]},{"type":"bitmap","height":-12,"ascent":-5000,"file":"minecraft:font/offset/space_split.png","chars":["\uf809"]},{"type":"bitmap","height":-13,"ascent":-5000,"file":"minecraft:font/offset/space_split.png","chars":["\uf80a"]},{"type":"bitmap","height":-14,"ascent":-5000,"file":"minecraft:font/offset/space_split.png","chars":["\uf80b"]},{"type":"bitmap","height":-15,"ascent":-5000,"file":"minecraft:font/offset/space_split.png","chars":["\uf80c"]},{"type":"bitmap","height":-16,"ascent":-5000,"file":"minecraft:font/offset/space_split.png","chars":["\uf80d"]},{"type":"bitmap","height":-17,"ascent":-5000,"file":"minecraft:font/offset/space_split.png","chars":["\uf80e"]},{"type":"bitmap","height":-18,"ascent":-5000,"file":"minecraft:font/offset/space_split.png","chars":["\uf80f"]},{"type":"bitmap","height":-26,"ascent":-5000,"file":"minecraft:font/offset/space_split.png","chars":["\uf810"]},{"type":"bitmap","height":-34,"ascent":-5000,"file":"minecraft:font/offset/space_split.png","chars":["\uf811"]},{"type":"bitmap","height":-50,"ascent":-5000,"file":"minecraft:font/offset/space_split.png","chars":["\uf812"]},{"type":"bitmap","height":-66,"ascent":-5000,"file":"minecraft:font/offset/space_split.png","chars":["\uf813"]},{"type":"bitmap","height":-130,"ascent":-5000,"file":"minecraft:font/offset/space_split.png","chars":["\uf814"]},{"type":"bitmap","height":-258,"ascent":-5000,"file":"minecraft:font/offset/space_split.png","chars":["\uf815"]},{"type":"bitmap","height":-1,"ascent":-5000,"file":"minecraft:font/offset/space_split.png","chars":["\uf830"]},{"type":"bitmap","height":1,"ascent":-5000,"file":"minecraft:font/offset/space_split.png","chars":["\uf831"]},{"type":"bitmap","height":2,"ascent":-5000,"file":"minecraft:font/offset/space_split.png","chars":["\uf832"]},{"type":"bitmap","height":3,"ascent":-5000,"file":"minecraft:font/offset/space_split.png","chars":["\uf833"]},{"type":"bitmap","height":4,"ascent":-5000,"file":"minecraft:font/offset/space_split.png","chars":["\uf834"]},{"type":"bitmap","height":5,"ascent":-5000,"file":"minecraft:font/offset/space_split.png","chars":["\uf835"]},{"type":"bitmap","height":6,"ascent":-5000,"file":"minecraft:font/offset/space_split.png","chars":["\uf836"]},{"type":"bitmap","height":7,"ascent":-5000,"file":"minecraft:font/offset/space_split.png","chars":["\uf837"]},{"type":"bitmap","height":8,"ascent":-5000,"file":"minecraft:font/offset/space_split.png","chars":["\uf838"]},{"type":"bitmap","height":9,"ascent":-5000,"file":"minecraft:font/offset/space_split.png","chars":["\uf839"]},{"type":"bitmap","height":10,"ascent":-5000,"file":"minecraft:font/offset/space_split.png","chars":["\uf83a"]},{"type":"bitmap","height":11,"ascent":-5000,"file":"minecraft:font/offset/space_split.png","chars":["\uf83b"]},{"type":"bitmap","height":12,"ascent":-5000,"file":"minecraft:font/offset/space_split.png","chars":["\uf83c"]},{"type":"bitmap","height":13,"ascent":-5000,"file":"minecraft:font/offset/space_split.png","chars":["\uf83d"]},{"type":"bitmap","height":14,"ascent":-5000,"file":"minecraft:font/offset/space_split.png","chars":["\uf83e"]},{"type":"bitmap","height":15,"ascent":-5000,"file":"minecraft:font/offset/space_split.png","chars":["\uf83f"]},{"type":"bitmap","height":23,"ascent":-5000,"file":"minecraft:font/offset/space_split.png","chars":["\uf840"]},{"type":"bitmap","height":31,"ascent":-5000,"file":"minecraft:font/offset/space_split.png","chars":["\uf841"]},{"type":"bitmap","height":47,"ascent":-5000,"file":"minecraft:font/offset/space_split.png","chars":["\uf842"]},{"type":"bitmap","height":63,"ascent":-5000,"file":"minecraft:font/offset/space_split.png","chars":["\uf843"]},{"type":"bitmap","height":127,"ascent":-5000,"file":"minecraft:font/offset/space_split.png","chars":["\uf844"]},{"type":"bitmap","height":255,"ascent":-5000,"file":"minecraft:font/offset/space_split.png","chars":["\uf845"]},{"type":"bitmap","height":11,"ascent":9,"file":"minecraft:font/image/emojis.png","chars":["\ue000\ue001\ue002\ue003","\ue004\ue005\ue006\ue007","\ue008\ue009\ue00a\ue00b","\ue00c\ue00d\ue00e\ue00f"]}]}