{"providers":[{"type":"bitmap","height":140,"ascent":18,"file":"minecraft:font/gui/custom/item_browser.png","chars":["\u4e00"]},{"type":"bitmap","height":140,"ascent":18,"file":"minecraft:font/gui/custom/category.png","chars":["\u4e01"]},{"type":"bitmap","height":142,"ascent":20,"file":"minecraft:font/gui/custom/crafting_recipe.png","chars":["\u4e02"]},{"type":"bitmap","height":138,"ascent":16,"file":"minecraft:font/gui/custom/cooking_recipe.png","chars":["\u4e03"]},{"type":"bitmap","height":23,"ascent":20,"file":"minecraft:font/gui/custom/smelting.png","chars":["\u4e04"]},{"type":"bitmap","height":23,"ascent":20,"file":"minecraft:font/gui/custom/smoking.png","chars":["\u4e05"]},{"type":"bitmap","height":23,"ascent":20,"file":"minecraft:font/gui/custom/blasting.png","chars":["\u4e06"]},{"type":"bitmap","height":23,"ascent":20,"file":"minecraft:font/gui/custom/campfire.png","chars":["\u4e07"]},{"type":"bitmap","height":142,"ascent":20,"file":"minecraft:font/gui/custom/stonecutting_recipe.png","chars":["\u4e08"]},{"type":"bitmap","height":142,"ascent":20,"file":"minecraft:font/gui/custom/smithing_transform_recipe.png","chars":["\u4e09"]},{"type":"bitmap","height":142,"ascent":20,"file":"minecraft:font/gui/custom/brewing_recipe.png","chars":["\u4e0a"]},{"type":"bitmap","height":140,"ascent":18,"file":"minecraft:font/gui/custom/no_recipe.png","chars":["\u4e0b"]}]}