{"oversized_in_gui":true,"model":{"type":"select","property":"trim_material","cases":[{"model":{"type":"model","model":"default:item/topaz_chestplate_redstone_trim"},"when":"minecraft:redstone"},{"model":{"type":"model","model":"default:item/topaz_chestplate_gold_trim"},"when":"minecraft:gold"},{"model":{"type":"model","model":"default:item/topaz_chestplate_resin_trim"},"when":"minecraft:resin"},{"model":{"type":"model","model":"default:item/topaz_chestplate_lapis_trim"},"when":"minecraft:lapis"},{"model":{"type":"model","model":"default:item/topaz_chestplate_copper_trim"},"when":"minecraft:copper"},{"model":{"type":"model","model":"default:item/topaz_chestplate_iron_trim"},"when":"minecraft:iron"},{"model":{"type":"model","model":"default:item/topaz_chestplate_emerald_trim"},"when":"minecraft:emerald"},{"model":{"type":"model","model":"default:item/topaz_chestplate_diamond_trim"},"when":"minecraft:diamond"},{"model":{"type":"model","model":"default:item/topaz_chestplate_amethyst_trim"},"when":"minecraft:amethyst"},{"model":{"type":"model","model":"default:item/topaz_chestplate_quartz_trim"},"when":"minecraft:quartz"},{"model":{"type":"model","model":"default:item/topaz_chestplate_netherite_trim"},"when":"minecraft:netherite"}],"fallback":{"type":"model","model":"default:item/topaz_chestplate"}}}