{"oversized_in_gui":true,"model":{"type":"condition","on_true":{"type":"range_dispatch","property":"crossbow/pull","entries":[{"threshold":0.58,"model":{"type":"model","model":"default:item/topaz_crossbow_pulling_1"}},{"threshold":1.0,"model":{"type":"model","model":"default:item/topaz_crossbow_pulling_2"}}],"fallback":{"type":"model","model":"default:item/topaz_crossbow_pulling_0"}},"on_false":{"type":"select","property":"charge_type","cases":[{"model":{"type":"model","model":"default:item/topaz_crossbow_arrow"},"when":"arrow"},{"model":{"type":"model","model":"default:item/topaz_crossbow_firework"},"when":"rocket"}],"fallback":{"type":"model","model":"default:item/topaz_crossbow"}},"property":"using_item"}}