{
	"textures": {
		"1": "item/custom/flower_basket",
		"particle": "item/custom/flower_basket"
	},
	"elements": [
		{
			"from": [2, 7, -1],
			"to": [14, 7, 11],
			"rotation": {"angle": 45, "axis": "x", "origin": [8, 7, 5]},
			"faces": {
				"north": {"uv": [0, 0, 4, 0], "texture": "#1"},
				"east": {"uv": [0, 0, 4, 0], "texture": "#1"},
				"south": {"uv": [0, 0, 4, 0], "texture": "#1"},
				"west": {"uv": [0, 0, 4, 0], "texture": "#1"},
				"up": {"uv": [0, 16, 4, 12], "texture": "#1"},
				"down": {"uv": [0, 12, 4, 16], "texture": "#1"}
			}
		},
		{
			"from": [2, 4, 12.5],
			"to": [14, 16, 12.5],
			"rotation": {"angle": -22.5, "axis": "x", "origin": [8, 10, 12.5]},
			"faces": {
				"north": {"uv": [8, 8, 4, 12], "texture": "#1"},
				"east": {"uv": [8, 8, 4, 12], "texture": "#1"},
				"south": {"uv": [4, 8, 8, 12], "texture": "#1"},
				"west": {"uv": [8, 8, 4, 12], "texture": "#1"},
				"up": {"uv": [4, 8, 8, 12], "texture": "#1"},
				"down": {"uv": [4, 12, 8, 8], "texture": "#1"}
			}
		},
		{
			"from": [2, 7, 5],
			"to": [14, 7, 17],
			"rotation": {"angle": -45, "axis": "x", "origin": [8, 7, 11]},
			"faces": {
				"north": {"uv": [4, 0, 0, 0], "texture": "#1"},
				"east": {"uv": [4, 0, 0, 0], "texture": "#1"},
				"south": {"uv": [4, 0, 0, 0], "texture": "#1"},
				"west": {"uv": [4, 0, 0, 0], "texture": "#1"},
				"up": {"uv": [0, 12, 4, 16], "texture": "#1"},
				"down": {"uv": [0, 16, 4, 12], "texture": "#1"}
			}
		},
		{
			"from": [-1, 7, 2],
			"to": [11, 7, 14],
			"rotation": {"angle": -45, "axis": "z", "origin": [5, 7, 8]},
			"faces": {
				"north": {"uv": [0, 0, 4, 0], "texture": "#1"},
				"east": {"uv": [0, 0, 4, 0], "texture": "#1"},
				"south": {"uv": [0, 0, 4, 0], "texture": "#1"},
				"west": {"uv": [0, 0, 4, 0], "texture": "#1"},
				"up": {"uv": [4, 16, 0, 12], "rotation": 270, "texture": "#1"},
				"down": {"uv": [0, 16, 4, 12], "rotation": 270, "texture": "#1"}
			}
		},
		{
			"from": [5, 7, 2],
			"to": [17, 7, 14],
			"rotation": {"angle": 45, "axis": "z", "origin": [11, 7, 8]},
			"faces": {
				"north": {"uv": [4, 0, 0, 0], "texture": "#1"},
				"east": {"uv": [4, 0, 0, 0], "texture": "#1"},
				"south": {"uv": [4, 0, 0, 0], "texture": "#1"},
				"west": {"uv": [4, 0, 0, 0], "texture": "#1"},
				"up": {"uv": [4, 12, 0, 16], "rotation": 270, "texture": "#1"},
				"down": {"uv": [0, 12, 4, 16], "rotation": 270, "texture": "#1"}
			}
		},
		{
			"from": [12.5, 4, 2],
			"to": [12.5, 16, 14],
			"rotation": {"angle": 22.5, "axis": "z", "origin": [12.5, 10, 8]},
			"faces": {
				"north": {"uv": [8, 8, 4, 12], "texture": "#1"},
				"east": {"uv": [4, 8, 8, 12], "texture": "#1"},
				"south": {"uv": [8, 8, 4, 12], "texture": "#1"},
				"west": {"uv": [8, 8, 4, 12], "texture": "#1"},
				"up": {"uv": [4, 8, 0, 12], "rotation": 270, "texture": "#1"},
				"down": {"uv": [0, 8, 4, 12], "rotation": 270, "texture": "#1"}
			}
		},
		{
			"from": [3.5, 7.75, 3.5],
			"to": [12.5, 9.25, 12.5],
			"rotation": {"angle": 0, "axis": "y", "origin": [8, 7.1875, 8]},
			"faces": {
				"north": {"uv": [10.5, 15.5, 13.5, 16], "texture": "#1"},
				"east": {"uv": [10.5, 15.5, 13.5, 16], "texture": "#1"},
				"south": {"uv": [10.5, 15.5, 13.5, 16], "texture": "#1"},
				"west": {"uv": [10.5, 15.5, 13.5, 16], "texture": "#1"},
				"up": {"uv": [13.5, 12.5, 10.5, 9.5], "texture": "#1"},
				"down": {"uv": [13.5, 12.5, 10.5, 15.5], "texture": "#1"}
			}
		},
		{
			"from": [4.1, 5.35, 4.1],
			"to": [11.9, 9.4, 11.9],
			"rotation": {"angle": 0, "axis": "y", "origin": [8, 8.6875, 8]},
			"faces": {
				"north": {"uv": [13.5, 8.5, 16, 9.75], "texture": "#1"},
				"east": {"uv": [13.5, 8.5, 16, 9.75], "texture": "#1"},
				"south": {"uv": [13.5, 8.5, 16, 9.75], "texture": "#1"},
				"west": {"uv": [13.5, 8.5, 16, 9.75], "texture": "#1"},
				"up": {"uv": [16, 8.5, 13.5, 6], "texture": "#1"},
				"down": {"uv": [16, 3.5, 13.5, 6], "texture": "#1"}
			}
		},
		{
			"from": [8, 1, 0.5],
			"to": [8, 13, 15.5],
			"rotation": {"angle": 45, "axis": "y", "origin": [8, 7, 8]},
			"faces": {
				"north": {"uv": [0, 4, 0, 0], "texture": "#1"},
				"east": {"uv": [0, 4, 4, 0], "texture": "#1"},
				"south": {"uv": [0, 4, 0, 0], "texture": "#1"},
				"west": {"uv": [4, 4, 0, 0], "texture": "#1"},
				"up": {"uv": [0, 4, 0, 0], "texture": "#1"},
				"down": {"uv": [0, 4, 0, 0], "texture": "#1"}
			}
		},
		{
			"from": [8, 1, 0.5],
			"to": [8, 13, 15.5],
			"rotation": {"angle": -45, "axis": "y", "origin": [8, 7, 8]},
			"faces": {
				"north": {"uv": [0, 4, 0, 0], "texture": "#1"},
				"east": {"uv": [0, 4, 4, 0], "texture": "#1"},
				"south": {"uv": [0, 4, 0, 0], "texture": "#1"},
				"west": {"uv": [4, 4, 0, 0], "texture": "#1"},
				"up": {"uv": [0, 4, 0, 0], "texture": "#1"},
				"down": {"uv": [0, 4, 0, 0], "texture": "#1"}
			}
		},
		{
			"from": [8, 1, 0.5],
			"to": [8, 13, 15.5],
			"rotation": {"angle": -45, "axis": "y", "origin": [8, 7, 8]},
			"faces": {
				"north": {"uv": [0, 4, 0, 0], "texture": "#1"},
				"east": {"uv": [4, 4, 8, 0], "texture": "#1"},
				"south": {"uv": [0, 4, 0, 0], "texture": "#1"},
				"west": {"uv": [8, 4, 4, 0], "texture": "#1"},
				"up": {"uv": [0, 4, 0, 0], "texture": "#1"},
				"down": {"uv": [0, 4, 0, 0], "texture": "#1"}
			}
		},
		{
			"from": [8, 1, 0.5],
			"to": [8, 13, 15.5],
			"rotation": {"angle": 45, "axis": "y", "origin": [8, 7, 8]},
			"faces": {
				"north": {"uv": [0, 4, 0, 0], "texture": "#1"},
				"east": {"uv": [4, 4, 8, 0], "texture": "#1"},
				"south": {"uv": [0, 4, 0, 0], "texture": "#1"},
				"west": {"uv": [8, 4, 4, 0], "texture": "#1"},
				"up": {"uv": [0, 4, 0, 0], "texture": "#1"},
				"down": {"uv": [0, 4, 0, 0], "texture": "#1"}
			}
		},
		{
			"from": [3.5, 4, 2],
			"to": [3.5, 16, 14],
			"rotation": {"angle": -22.5, "axis": "z", "origin": [3.5, 10, 8]},
			"faces": {
				"north": {"uv": [4, 8, 8, 12], "texture": "#1"},
				"east": {"uv": [4, 8, 8, 12], "texture": "#1"},
				"south": {"uv": [4, 8, 8, 12], "texture": "#1"},
				"west": {"uv": [8, 8, 4, 12], "texture": "#1"},
				"up": {"uv": [4, 12, 0, 8], "rotation": 270, "texture": "#1"},
				"down": {"uv": [0, 12, 4, 8], "rotation": 270, "texture": "#1"}
			}
		},
		{
			"from": [-1, 6.25, 2],
			"to": [11, 6.25, 14],
			"rotation": {"angle": -45, "axis": "z", "origin": [5, 6.25, 8]},
			"faces": {
				"north": {"uv": [0, 0, 4, 0], "texture": "#1"},
				"east": {"uv": [0, 0, 4, 0], "texture": "#1"},
				"south": {"uv": [0, 0, 4, 0], "texture": "#1"},
				"west": {"uv": [0, 0, 4, 0], "texture": "#1"},
				"up": {"uv": [10, 8, 6, 4], "rotation": 270, "texture": "#1"},
				"down": {"uv": [6, 8, 10, 4], "rotation": 270, "texture": "#1"}
			}
		},
		{
			"from": [5, 6.25, 2],
			"to": [17, 6.25, 14],
			"rotation": {"angle": 45, "axis": "z", "origin": [11, 6.25, 8]},
			"faces": {
				"north": {"uv": [4, 0, 0, 0], "texture": "#1"},
				"east": {"uv": [4, 0, 0, 0], "texture": "#1"},
				"south": {"uv": [4, 0, 0, 0], "texture": "#1"},
				"west": {"uv": [4, 0, 0, 0], "texture": "#1"},
				"up": {"uv": [10, 4, 6, 8], "rotation": 270, "texture": "#1"},
				"down": {"uv": [6, 4, 10, 8], "rotation": 270, "texture": "#1"}
			}
		},
		{
			"from": [2, 6.25, -1],
			"to": [14, 6.25, 11],
			"rotation": {"angle": 45, "axis": "x", "origin": [8, 6.25, 5]},
			"faces": {
				"north": {"uv": [0, 0, 4, 0], "texture": "#1"},
				"east": {"uv": [0, 0, 4, 0], "texture": "#1"},
				"south": {"uv": [0, 0, 4, 0], "texture": "#1"},
				"west": {"uv": [0, 0, 4, 0], "texture": "#1"},
				"up": {"uv": [6, 8, 10, 4], "texture": "#1"},
				"down": {"uv": [6, 4, 10, 8], "texture": "#1"}
			}
		},
		{
			"from": [2, 6.25, 5],
			"to": [14, 6.25, 17],
			"rotation": {"angle": -45, "axis": "x", "origin": [8, 6.25, 11]},
			"faces": {
				"north": {"uv": [4, 0, 0, 0], "texture": "#1"},
				"east": {"uv": [4, 0, 0, 0], "texture": "#1"},
				"south": {"uv": [4, 0, 0, 0], "texture": "#1"},
				"west": {"uv": [4, 0, 0, 0], "texture": "#1"},
				"up": {"uv": [6, 4, 10, 8], "texture": "#1"},
				"down": {"uv": [6, 8, 10, 4], "texture": "#1"}
			}
		},
		{
			"from": [2, 4, 3.5],
			"to": [14, 16, 3.5],
			"rotation": {"angle": 22.5, "axis": "x", "origin": [8, 10, 3.5]},
			"faces": {
				"north": {"uv": [8, 8, 4, 12], "texture": "#1"},
				"east": {"uv": [4, 8, 8, 12], "texture": "#1"},
				"south": {"uv": [4, 8, 8, 12], "texture": "#1"},
				"west": {"uv": [4, 8, 8, 12], "texture": "#1"},
				"up": {"uv": [4, 12, 8, 8], "texture": "#1"},
				"down": {"uv": [4, 8, 8, 12], "texture": "#1"}
			}
		}
	],
	"display": {
		"thirdperson_righthand": {
			"rotation": [60, -34, 0],
			"translation": [-0.5, 3, 1],
			"scale": [0.5, 0.5, 0.5]
		},
		"thirdperson_lefthand": {
			"rotation": [60, -34, 0],
			"translation": [-0.5, 3, 1],
			"scale": [0.5, 0.5, 0.5]
		},
		"firstperson_righthand": {
			"rotation": [0, 45, 0],
			"translation": [3.5, 0, 0]
		},
		"firstperson_lefthand": {
			"rotation": [0, 45, 0],
			"translation": [3.5, 0, 0]
		},
		"ground": {
			"translation": [0, 3.25, 0],
			"scale": [0.5, 0.5, 0.5]
		},
		"gui": {
			"rotation": [25, 135, 0],
			"translation": [0, -0.25, 0],
			"scale": [0.9, 0.9, 0.9]
		},
		"fixed": {
			"rotation": [90, 0, 0],
			"translation": [0, 0, -15],
			"scale": [2, 2, 2]
		}
	},
	"groups": [
		{
			"name": "bone3",
			"origin": [-3, 4, -3],
			"color": 0,
			"children": [0, 1, 2, 3, 4, 5, 6, 7, 8, 9, 10, 11, 12, 13, 14, 15, 16, 17]
		}
	]
}