{
	"textures": {
		"0": "item/custom/globe",
		"particle": "item/custom/globe"
	},
	"elements": [
		{
			"from": [11, 2, 2],
			"to": [11, 6, 14],
			"rotation": {"angle": -45, "axis": "z", "origin": [11, 2, 8]},
			"faces": {
				"north": {"uv": [0, 0, 0, 2], "texture": "#0"},
				"east": {"uv": [6, 12, 0, 14], "texture": "#0"},
				"south": {"uv": [0, 0, 0, 2], "texture": "#0"},
				"west": {"uv": [0, 12, 6, 14], "texture": "#0"},
				"up": {"uv": [0, 12, 6, 12], "rotation": 270, "texture": "#0"},
				"down": {"uv": [0, 12, 6, 12], "rotation": 90, "texture": "#0"}
			}
		},
		{
			"from": [5, 2, 2],
			"to": [5, 6, 14],
			"rotation": {"angle": 45, "axis": "z", "origin": [5, 2, 8]},
			"faces": {
				"north": {"uv": [0, 0, 0, 2], "texture": "#0"},
				"east": {"uv": [6, 12, 0, 14], "texture": "#0"},
				"south": {"uv": [0, 0, 0, 2], "texture": "#0"},
				"west": {"uv": [0, 12, 6, 14], "texture": "#0"},
				"up": {"uv": [0, 12, 6, 12], "rotation": 270, "texture": "#0"},
				"down": {"uv": [0, 12, 6, 12], "rotation": 90, "texture": "#0"}
			}
		},
		{
			"from": [2, 2, 11],
			"to": [14, 6, 11],
			"rotation": {"angle": 45, "axis": "x", "origin": [8, 2, 11]},
			"faces": {
				"north": {"uv": [0, 12, 6, 14], "texture": "#0"},
				"east": {"uv": [0, 0, 0, 2], "texture": "#0"},
				"south": {"uv": [6, 12, 0, 14], "texture": "#0"},
				"west": {"uv": [0, 0, 0, 2], "texture": "#0"},
				"up": {"uv": [0, 12, 6, 12], "texture": "#0"},
				"down": {"uv": [0, 12, 6, 12], "texture": "#0"}
			}
		},
		{
			"from": [2, 2, 5],
			"to": [14, 6, 5],
			"rotation": {"angle": -45, "axis": "x", "origin": [8, 2, 5]},
			"faces": {
				"north": {"uv": [0, 12, 6, 14], "texture": "#0"},
				"east": {"uv": [0, 0, 0, 2], "texture": "#0"},
				"south": {"uv": [6, 12, 0, 14], "texture": "#0"},
				"west": {"uv": [0, 0, 0, 2], "texture": "#0"},
				"up": {"uv": [0, 12, 6, 12], "texture": "#0"},
				"down": {"uv": [0, 12, 6, 12], "texture": "#0"}
			}
		},
		{
			"from": [2, 0, 2],
			"to": [14, 2, 14],
			"rotation": {"angle": 0, "axis": "y", "origin": [2, 0, 2]},
			"faces": {
				"north": {"uv": [10, 15, 16, 16], "texture": "#0"},
				"east": {"uv": [10, 15, 16, 16], "texture": "#0"},
				"south": {"uv": [10, 15, 16, 16], "texture": "#0"},
				"west": {"uv": [10, 15, 16, 16], "texture": "#0"},
				"up": {"uv": [6, 6, 0, 0], "texture": "#0"},
				"down": {"uv": [6, 6, 0, 12], "texture": "#0"}
			}
		}
	],
	"display": {
		"thirdperson_righthand": {
			"rotation": [60, -34, 0],
			"translation": [-0.5, 3, 0.25],
			"scale": [0.45, 0.45, 0.45]
		},
		"thirdperson_lefthand": {
			"rotation": [60, -34, 0],
			"translation": [-0.5, 3, 0.25],
			"scale": [0.45, 0.45, 0.45]
		},
		"firstperson_righthand": {
			"rotation": [0, -45, 0],
			"translation": [0.5, 0.5, 0],
			"scale": [0.5, 0.5, 0.5]
		},
		"firstperson_lefthand": {
			"rotation": [0, -45, 0],
			"translation": [0.5, 0.5, 0],
			"scale": [0.5, 0.5, 0.5]
		},
		"ground": {
			"translation": [0, 3.5, 0],
			"scale": [0.5, 0.5, 0.5]
		},
		"gui": {
			"rotation": [25, -40, 0],
			"translation": [0, 0.75, 0],
			"scale": [0.6, 0.6, 0.6]
		},
		"fixed": {
			"rotation": [-90, 0, 0],
			"translation": [2, 0, -16],
			"scale": [2, 2, 2]
		}
	}
}