{
	"texture_size": [64, 64],
	"textures": {
		"0": "item/custom/sofa",
		"particle": "item/custom/sofa"
	},
	"elements": [
		{
			"from": [1, 0, 1],
			"to": [3, 3, 3],
			"rotation": {"angle": 0, "axis": "y", "origin": [1, 0, 1]},
			"faces": {
				"north": {"uv": [14.5, 15.25, 15, 16], "texture": "#0"},
				"east": {"uv": [15, 15.25, 15.5, 16], "texture": "#0"},
				"south": {"uv": [15, 15.25, 15.5, 16], "texture": "#0"},
				"west": {"uv": [15, 15.25, 14.5, 16], "texture": "#0"},
				"up": {"uv": [16, 15.5, 15.5, 15], "texture": "#0"},
				"down": {"uv": [16, 15.5, 15.5, 16], "texture": "#0"}
			}
		},
		{
			"from": [13, 0, 1],
			"to": [15, 3, 3],
			"rotation": {"angle": 0, "axis": "y", "origin": [15, 0, 1]},
			"faces": {
				"north": {"uv": [15, 15.25, 14.5, 16], "texture": "#0"},
				"east": {"uv": [14.5, 15.25, 15, 16], "texture": "#0"},
				"south": {"uv": [15.5, 15.25, 15, 16], "texture": "#0"},
				"west": {"uv": [15.5, 15.25, 15, 16], "texture": "#0"},
				"up": {"uv": [15.5, 15.5, 16, 15], "texture": "#0"},
				"down": {"uv": [15.5, 15.5, 16, 16], "texture": "#0"}
			}
		},
		{
			"from": [13, 0, 13],
			"to": [15, 3, 15],
			"rotation": {"angle": 0, "axis": "y", "origin": [15, 0, 15]},
			"faces": {
				"north": {"uv": [15, 15.25, 15.5, 16], "texture": "#0"},
				"east": {"uv": [15, 15.25, 14.5, 16], "texture": "#0"},
				"south": {"uv": [14.5, 15.25, 15, 16], "texture": "#0"},
				"west": {"uv": [15, 15.25, 15.5, 16], "texture": "#0"},
				"up": {"uv": [15.5, 15, 16, 15.5], "texture": "#0"},
				"down": {"uv": [15.5, 16, 16, 15.5], "texture": "#0"}
			}
		},
		{
			"from": [1, 0, 13],
			"to": [3, 3, 15],
			"rotation": {"angle": 0, "axis": "y", "origin": [1, 0, 15]},
			"faces": {
				"north": {"uv": [15.5, 15.25, 15, 16], "texture": "#0"},
				"east": {"uv": [15.5, 15.25, 15, 16], "texture": "#0"},
				"south": {"uv": [15, 15.25, 14.5, 16], "texture": "#0"},
				"west": {"uv": [14.5, 15.25, 15, 16], "texture": "#0"},
				"up": {"uv": [16, 15, 15.5, 15.5], "texture": "#0"},
				"down": {"uv": [16, 16, 15.5, 15.5], "texture": "#0"}
			}
		},
		{
			"from": [0, 3, 0],
			"to": [16, 9, 16],
			"rotation": {"angle": 0, "axis": "y", "origin": [0, 2, 0]},
			"faces": {
				"north": {"uv": [4, 11.5, 8, 13], "texture": "#0"},
				"east": {"uv": [8, 14.5, 4, 16], "texture": "#0"},
				"south": {"uv": [4, 13, 8, 14.5], "texture": "#0"},
				"west": {"uv": [4, 14.5, 8, 16], "texture": "#0"},
				"up": {"uv": [4, 12, 0, 8], "texture": "#0"},
				"down": {"uv": [4, 12, 0, 16], "texture": "#0"}
			}
		},
		{
			"from": [0.02, 6.02, 12.02],
			"to": [15.98, 19.98, 15.98],
			"rotation": {"angle": 22.5, "axis": "x", "origin": [7, 8, 14]},
			"faces": {
				"north": {"uv": [9, 8.5, 13, 12], "texture": "#0"},
				"east": {"uv": [8, 12.5, 9, 16], "texture": "#0"},
				"south": {"uv": [9, 12.5, 13, 16], "texture": "#0"},
				"west": {"uv": [9, 12.5, 8, 16], "texture": "#0"},
				"up": {"uv": [9, 12, 8, 8.5], "rotation": 90, "texture": "#0"},
				"down": {"uv": [7.75, 10.5, 4.25, 11.5], "texture": "#0"}
			}
		}
	],
	"display": {
		"thirdperson_righthand": {
			"rotation": [60, -34, 0],
			"translation": [-0.5, 3, 0.25],
			"scale": [0.25, 0.25, 0.25]
		},
		"thirdperson_lefthand": {
			"rotation": [60, -34, 0],
			"translation": [-0.5, 3, 0.25],
			"scale": [0.25, 0.25, 0.25]
		},
		"firstperson_righthand": {
			"rotation": [0, -180, 0],
			"translation": [0.5, 0.5, 0],
			"scale": [0.5, 0.5, 0.5]
		},
		"firstperson_lefthand": {
			"rotation": [0, -180, 0],
			"translation": [0.5, 0.5, 0],
			"scale": [0.5, 0.5, 0.5]
		},
		"ground": {
			"translation": [0, 2.75, 0],
			"scale": [0.35, 0.35, 0.35]
		},
		"gui": {
			"rotation": [25, -135, 0],
			"translation": [0.5, -1, 0],
			"scale": [0.5, 0.5, 0.5]
		},
		"fixed": {
			"rotation": [-90, 0, 0],
			"translation": [0, 0, -16],
			"scale": [2, 2, 2]
		}
	},
	"groups": [
		{
			"name": "group",
			"origin": [0, 0, 0],
			"color": 0,
			"children": [0, 1, 2, 3, 4, 5]
		}
	]
}