{"variants":{"facing=east,half=bottom,open=false,powered=true,waterlogged=false":{"model":"minecraft:block/custom/palm_trapdoor_bottom","y":90},"facing=north,half=top,open=false,powered=true,waterlogged=true":{"model":"minecraft:block/custom/palm_trapdoor_top"},"facing=north,half=bottom,open=true,powered=true,waterlogged=false":{"model":"minecraft:block/custom/palm_trapdoor_open"},"facing=south,half=bottom,open=false,powered=true,waterlogged=false":{"model":"minecraft:block/custom/palm_trapdoor_bottom","y":180},"facing=west,half=top,open=true,powered=true,waterlogged=false":{"model":"minecraft:block/custom/palm_trapdoor_open","x":180,"y":90},"facing=east,half=bottom,open=true,powered=true,waterlogged=true":{"model":"minecraft:block/custom/palm_trapdoor_open","y":90},"facing=west,half=bottom,open=false,powered=true,waterlogged=false":{"model":"minecraft:block/custom/palm_trapdoor_bottom","y":270},"facing=east,half=top,open=false,powered=true,waterlogged=false":{"model":"minecraft:block/custom/palm_trapdoor_top","y":90},"facing=east,half=bottom,open=true,powered=true,waterlogged=false":{"model":"minecraft:block/custom/palm_trapdoor_open","y":90},"facing=west,half=top,open=false,powered=true,waterlogged=true":{"model":"minecraft:block/custom/palm_trapdoor_top","y":270},"facing=north,half=top,open=true,powered=true,waterlogged=true":{"model":"minecraft:block/custom/palm_trapdoor_open","x":180,"y":180},"facing=south,half=bottom,open=false,powered=true,waterlogged=true":{"model":"minecraft:block/custom/palm_trapdoor_bottom","y":180},"facing=south,half=top,open=true,powered=true,waterlogged=true":{"model":"minecraft:block/custom/palm_trapdoor_open","x":180,"y":0},"facing=west,half=bottom,open=true,powered=true,waterlogged=true":{"model":"minecraft:block/custom/palm_trapdoor_open","y":270},"facing=north,half=bottom,open=false,powered=true,waterlogged=false":{"model":"minecraft:block/custom/palm_trapdoor_bottom"},"facing=north,half=top,open=true,powered=true,waterlogged=false":{"model":"minecraft:block/custom/palm_trapdoor_open","x":180,"y":180},"facing=west,half=bottom,open=false,powered=true,waterlogged=true":{"model":"minecraft:block/custom/palm_trapdoor_bottom","y":270},"facing=north,half=bottom,open=true,powered=true,waterlogged=true":{"model":"minecraft:block/custom/palm_trapdoor_open"},"facing=west,half=bottom,open=true,powered=true,waterlogged=false":{"model":"minecraft:block/custom/palm_trapdoor_open","y":270},"facing=east,half=top,open=true,powered=true,waterlogged=true":{"model":"minecraft:block/custom/palm_trapdoor_open","x":180,"y":270},"facing=south,half=top,open=false,powered=true,waterlogged=false":{"model":"minecraft:block/custom/palm_trapdoor_top","y":180},"facing=north,half=bottom,open=false,powered=true,waterlogged=true":{"model":"minecraft:block/custom/palm_trapdoor_bottom"},"facing=west,half=top,open=false,powered=true,waterlogged=false":{"model":"minecraft:block/custom/palm_trapdoor_top","y":270},"facing=east,half=top,open=false,powered=true,waterlogged=true":{"model":"minecraft:block/custom/palm_trapdoor_top","y":90},"facing=east,half=bottom,open=false,powered=true,waterlogged=true":{"model":"minecraft:block/custom/palm_trapdoor_bottom","y":90},"facing=south,half=bottom,open=true,powered=true,waterlogged=true":{"model":"minecraft:block/custom/palm_trapdoor_open","y":180},"facing=south,half=bottom,open=true,powered=true,waterlogged=false":{"model":"minecraft:block/custom/palm_trapdoor_open","y":180},"facing=west,half=top,open=true,powered=true,waterlogged=true":{"model":"minecraft:block/custom/palm_trapdoor_open","x":180,"y":90},"facing=east,half=top,open=true,powered=true,waterlogged=false":{"model":"minecraft:block/custom/palm_trapdoor_open","x":180,"y":270},"facing=south,half=top,open=false,powered=true,waterlogged=true":{"model":"minecraft:block/custom/palm_trapdoor_top","y":180},"facing=north,half=top,open=false,powered=true,waterlogged=false":{"model":"minecraft:block/custom/palm_trapdoor_top"},"facing=south,half=top,open=true,powered=true,waterlogged=false":{"model":"minecraft:block/custom/palm_trapdoor_open","x":180,"y":0}}}