{"variants":{"facing=west,half=bottom,shape=straight,waterlogged=false":{"model":"minecraft:block/custom/palm_stairs","y":180,"uvlock":true},"facing=west,half=bottom,shape=outer_right,waterlogged=false":{"model":"minecraft:block/custom/palm_stairs_outer","y":180,"uvlock":true},"facing=south,half=bottom,shape=inner_left,waterlogged=true":{"model":"minecraft:block/custom/palm_stairs_inner"},"facing=east,half=bottom,shape=outer_right,waterlogged=true":{"model":"minecraft:block/custom/palm_stairs_outer"},"facing=east,half=top,shape=outer_right,waterlogged=true":{"model":"minecraft:block/custom/palm_stairs_outer","x":180,"y":90,"uvlock":true},"facing=west,half=bottom,shape=inner_left,waterlogged=false":{"model":"minecraft:block/custom/palm_stairs_inner","y":90,"uvlock":true},"facing=north,half=bottom,shape=inner_right,waterlogged=false":{"model":"minecraft:block/custom/palm_stairs_inner","y":270,"uvlock":true},"facing=north,half=top,shape=inner_left,waterlogged=false":{"model":"minecraft:block/custom/palm_stairs_inner","x":180,"y":270,"uvlock":true},"facing=west,half=top,shape=outer_right,waterlogged=true":{"model":"minecraft:block/custom/palm_stairs_outer","x":180,"y":270,"uvlock":true},"facing=east,half=top,shape=straight,waterlogged=false":{"model":"minecraft:block/custom/palm_stairs","x":180,"uvlock":true},"facing=west,half=bottom,shape=straight,waterlogged=true":{"model":"minecraft:block/custom/palm_stairs","y":180,"uvlock":true},"facing=north,half=bottom,shape=inner_left,waterlogged=true":{"model":"minecraft:block/custom/palm_stairs_inner","y":180,"uvlock":true},"facing=south,half=bottom,shape=inner_right,waterlogged=false":{"model":"minecraft:block/custom/palm_stairs_inner","y":90,"uvlock":true},"facing=west,half=bottom,shape=outer_left,waterlogged=false":{"model":"minecraft:block/custom/palm_stairs_outer","y":90,"uvlock":true},"facing=west,half=top,shape=outer_left,waterlogged=false":{"model":"minecraft:block/custom/palm_stairs_outer","x":180,"y":180,"uvlock":true},"facing=west,half=top,shape=inner_right,waterlogged=false":{"model":"minecraft:block/custom/palm_stairs_inner","x":180,"y":270,"uvlock":true},"facing=east,half=top,shape=outer_left,waterlogged=true":{"model":"minecraft:block/custom/palm_stairs_outer","x":180,"uvlock":true},"facing=north,half=top,shape=outer_left,waterlogged=false":{"model":"minecraft:block/custom/palm_stairs_outer","x":180,"y":270,"uvlock":true},"facing=north,half=top,shape=inner_right,waterlogged=true":{"model":"minecraft:block/custom/palm_stairs_inner","x":180,"uvlock":true},"facing=north,half=top,shape=inner_right,waterlogged=false":{"model":"minecraft:block/custom/palm_stairs_inner","x":180,"uvlock":true},"facing=east,half=bottom,shape=inner_right,waterlogged=true":{"model":"minecraft:block/custom/palm_stairs_inner"},"facing=north,half=top,shape=outer_left,waterlogged=true":{"model":"minecraft:block/custom/palm_stairs_outer","x":180,"y":270,"uvlock":true},"facing=west,half=bottom,shape=inner_right,waterlogged=true":{"model":"minecraft:block/custom/palm_stairs_inner","y":180,"uvlock":true},"facing=west,half=top,shape=inner_right,waterlogged=true":{"model":"minecraft:block/custom/palm_stairs_inner","x":180,"y":270,"uvlock":true},"facing=west,half=top,shape=outer_left,waterlogged=true":{"model":"minecraft:block/custom/palm_stairs_outer","x":180,"y":180,"uvlock":true},"facing=west,half=top,shape=inner_left,waterlogged=false":{"model":"minecraft:block/custom/palm_stairs_inner","x":180,"y":180,"uvlock":true},"facing=north,half=bottom,shape=inner_right,waterlogged=true":{"model":"minecraft:block/custom/palm_stairs_inner","y":270,"uvlock":true},"facing=south,half=bottom,shape=inner_right,waterlogged=true":{"model":"minecraft:block/custom/palm_stairs_inner","y":90,"uvlock":true},"facing=north,half=bottom,shape=outer_right,waterlogged=true":{"model":"minecraft:block/custom/palm_stairs_outer","y":270,"uvlock":true},"facing=east,half=top,shape=outer_right,waterlogged=false":{"model":"minecraft:block/custom/palm_stairs_outer","x":180,"y":90,"uvlock":true},"facing=south,half=top,shape=inner_left,waterlogged=false":{"model":"minecraft:block/custom/palm_stairs_inner","x":180,"y":90,"uvlock":true},"facing=south,half=bottom,shape=outer_left,waterlogged=true":{"model":"minecraft:block/custom/palm_stairs_outer"},"facing=west,half=bottom,shape=inner_left,waterlogged=true":{"model":"minecraft:block/custom/palm_stairs_inner","y":90,"uvlock":true},"facing=east,half=top,shape=inner_left,waterlogged=false":{"model":"minecraft:block/custom/palm_stairs_inner","x":180,"uvlock":true},"facing=east,half=bottom,shape=inner_left,waterlogged=false":{"model":"minecraft:block/custom/palm_stairs_inner","y":270,"uvlock":true},"facing=west,half=bottom,shape=outer_right,waterlogged=true":{"model":"minecraft:block/custom/palm_stairs_outer","y":180,"uvlock":true},"facing=south,half=top,shape=straight,waterlogged=false":{"model":"minecraft:block/custom/palm_stairs","x":180,"y":90,"uvlock":true},"facing=north,half=top,shape=outer_right,waterlogged=false":{"model":"minecraft:block/custom/palm_stairs_outer","x":180,"uvlock":true},"facing=north,half=top,shape=straight,waterlogged=false":{"model":"minecraft:block/custom/palm_stairs","x":180,"y":270,"uvlock":true},"facing=east,half=top,shape=inner_right,waterlogged=false":{"model":"minecraft:block/custom/palm_stairs_inner","x":180,"y":90,"uvlock":true},"facing=north,half=bottom,shape=outer_left,waterlogged=true":{"model":"minecraft:block/custom/palm_stairs_outer","y":180,"uvlock":true},"facing=south,half=top,shape=outer_left,waterlogged=false":{"model":"minecraft:block/custom/palm_stairs_outer","x":180,"y":90,"uvlock":true},"facing=east,half=bottom,shape=outer_left,waterlogged=true":{"model":"minecraft:block/custom/palm_stairs_outer","y":270,"uvlock":true},"facing=east,half=bottom,shape=straight,waterlogged=true":{"model":"minecraft:block/custom/palm_stairs"},"facing=south,half=bottom,shape=straight,waterlogged=true":{"model":"minecraft:block/custom/palm_stairs","y":90,"uvlock":true},"facing=east,half=top,shape=outer_left,waterlogged=false":{"model":"minecraft:block/custom/palm_stairs_outer","x":180,"uvlock":true},"facing=west,half=top,shape=outer_right,waterlogged=false":{"model":"minecraft:block/custom/palm_stairs_outer","x":180,"y":270,"uvlock":true},"facing=north,half=top,shape=inner_left,waterlogged=true":{"model":"minecraft:block/custom/palm_stairs_inner","x":180,"y":270,"uvlock":true},"facing=north,half=bottom,shape=inner_left,waterlogged=false":{"model":"minecraft:block/custom/palm_stairs_inner","y":180,"uvlock":true},"facing=south,half=bottom,shape=inner_left,waterlogged=false":{"model":"minecraft:block/custom/palm_stairs_inner"},"facing=south,half=top,shape=outer_left,waterlogged=true":{"model":"minecraft:block/custom/palm_stairs_outer","x":180,"y":90,"uvlock":true},"facing=west,half=bottom,shape=outer_left,waterlogged=true":{"model":"minecraft:block/custom/palm_stairs_outer","y":90,"uvlock":true},"facing=north,half=top,shape=straight,waterlogged=true":{"model":"minecraft:block/custom/palm_stairs","x":180,"y":270,"uvlock":true},"facing=south,half=top,shape=inner_right,waterlogged=true":{"model":"minecraft:block/custom/palm_stairs_inner","x":180,"y":180,"uvlock":true},"facing=south,half=top,shape=outer_right,waterlogged=false":{"model":"minecraft:block/custom/palm_stairs_outer","x":180,"y":180,"uvlock":true},"facing=north,half=bottom,shape=outer_left,waterlogged=false":{"model":"minecraft:block/custom/palm_stairs_outer","y":180,"uvlock":true},"facing=east,half=bottom,shape=straight,waterlogged=false":{"model":"minecraft:block/custom/palm_stairs"},"facing=north,half=bottom,shape=straight,waterlogged=true":{"model":"minecraft:block/custom/palm_stairs","y":270,"uvlock":true},"facing=east,half=top,shape=straight,waterlogged=true":{"model":"minecraft:block/custom/palm_stairs","x":180,"uvlock":true},"facing=south,half=top,shape=inner_left,waterlogged=true":{"model":"minecraft:block/custom/palm_stairs_inner","x":180,"y":90,"uvlock":true},"facing=east,half=bottom,shape=outer_right,waterlogged=false":{"model":"minecraft:block/custom/palm_stairs_outer"},"facing=east,half=bottom,shape=inner_left,waterlogged=true":{"model":"minecraft:block/custom/palm_stairs_inner","y":270,"uvlock":true},"facing=south,half=bottom,shape=outer_left,waterlogged=false":{"model":"minecraft:block/custom/palm_stairs_outer"},"facing=east,half=bottom,shape=outer_left,waterlogged=false":{"model":"minecraft:block/custom/palm_stairs_outer","y":270,"uvlock":true},"facing=west,half=top,shape=straight,waterlogged=true":{"model":"minecraft:block/custom/palm_stairs","x":180,"y":180,"uvlock":true},"facing=north,half=top,shape=outer_right,waterlogged=true":{"model":"minecraft:block/custom/palm_stairs_outer","x":180,"uvlock":true},"facing=south,half=bottom,shape=straight,waterlogged=false":{"model":"minecraft:block/custom/palm_stairs","y":90,"uvlock":true},"facing=south,half=bottom,shape=outer_right,waterlogged=true":{"model":"minecraft:block/custom/palm_stairs_outer","y":90,"uvlock":true},"facing=west,half=bottom,shape=inner_right,waterlogged=false":{"model":"minecraft:block/custom/palm_stairs_inner","y":180,"uvlock":true},"facing=south,half=top,shape=straight,waterlogged=true":{"model":"minecraft:block/custom/palm_stairs","x":180,"y":90,"uvlock":true},"facing=west,half=top,shape=straight,waterlogged=false":{"model":"minecraft:block/custom/palm_stairs","x":180,"y":180,"uvlock":true},"facing=north,half=bottom,shape=outer_right,waterlogged=false":{"model":"minecraft:block/custom/palm_stairs_outer","y":270,"uvlock":true},"facing=east,half=top,shape=inner_right,waterlogged=true":{"model":"minecraft:block/custom/palm_stairs_inner","x":180,"y":90,"uvlock":true},"facing=south,half=top,shape=inner_right,waterlogged=false":{"model":"minecraft:block/custom/palm_stairs_inner","x":180,"y":180,"uvlock":true},"facing=south,half=top,shape=outer_right,waterlogged=true":{"model":"minecraft:block/custom/palm_stairs_outer","x":180,"y":180,"uvlock":true},"facing=north,half=bottom,shape=straight,waterlogged=false":{"model":"minecraft:block/custom/palm_stairs","y":270,"uvlock":true},"facing=east,half=top,shape=inner_left,waterlogged=true":{"model":"minecraft:block/custom/palm_stairs_inner","x":180,"uvlock":true},"facing=south,half=bottom,shape=outer_right,waterlogged=false":{"model":"minecraft:block/custom/palm_stairs_outer","y":90,"uvlock":true},"facing=west,half=top,shape=inner_left,waterlogged=true":{"model":"minecraft:block/custom/palm_stairs_inner","x":180,"y":180,"uvlock":true},"facing=east,half=bottom,shape=inner_right,waterlogged=false":{"model":"minecraft:block/custom/palm_stairs_inner"}}}