{"variants":{"attached=true,disarmed=true,east=true,north=true,powered=false,south=true,west=true":{"model":"minecraft:block/custom/magma_plant_stage_0"},"attached=true,disarmed=true,east=true,north=true,powered=true,south=false,west=false":{"model":"minecraft:block/custom/ender_pearl_flower_stage_0"},"attached=true,disarmed=true,east=true,north=true,powered=true,south=false,west=true":[{"model":"minecraft:block/custom/pebble_2","weight":1},{"model":"minecraft:block/custom/pebble_2","y":90,"weight":1},{"model":"minecraft:block/custom/pebble_2","y":180,"weight":1},{"model":"minecraft:block/custom/pebble_2","y":270,"weight":1}],"attached=false,disarmed=true,east=true,north=true,powered=true,south=false,west=false":{"model":"minecraft:block/custom/magma_plant_stage_1"},"attached=false,disarmed=true,east=true,north=true,powered=true,south=false,west=true":{"model":"minecraft:block/custom/ender_pearl_flower_stage_1"},"attached=false,disarmed=true,east=true,north=true,powered=true,south=true,west=false":[{"model":"minecraft:block/custom/pebble_3","weight":1},{"model":"minecraft:block/custom/pebble_3","y":90,"weight":1},{"model":"minecraft:block/custom/pebble_3","y":180,"weight":1},{"model":"minecraft:block/custom/pebble_3","y":270,"weight":1}],"attached=true,disarmed=true,east=true,north=true,powered=true,south=true,west=false":[{"model":"minecraft:block/custom/pebble_1","weight":1},{"model":"minecraft:block/custom/pebble_1","y":90,"weight":1},{"model":"minecraft:block/custom/pebble_1","y":180,"weight":1},{"model":"minecraft:block/custom/pebble_1","y":270,"weight":1}]}}