{"block.wool.place":{"sounds":[],"replace":true},"replaced.block.wool.place":{"sounds":["dig/cloth1","dig/cloth2","dig/cloth3","dig/cloth4"],"subtitle":"subtitles.block.generic.place"},"block.copper.place":{"sounds":[],"replace":true},"replaced.block.copper.place":{"sounds":["block/copper/break1","block/copper/break2","block/copper/break3","block/copper/break4"],"subtitle":"subtitles.block.generic.place"},"block.anvil.place":{"sounds":[],"replace":true},"replaced.block.anvil.place":{"sounds":[{"name":"random/anvil_land","volume":0.5}],"subtitle":"subtitles.block.generic.place"},"block.metal.place":{"sounds":[],"replace":true},"replaced.block.metal.place":{"sounds":["dig/stone1","dig/stone2","dig/stone3","dig/stone4"],"subtitle":"subtitles.block.generic.place"},"block.stone.place":{"sounds":[],"replace":true},"replaced.block.stone.place":{"sounds":["dig/stone1","dig/stone2","dig/stone3","dig/stone4"],"subtitle":"subtitles.block.generic.place"},"block.wood.place":{"sounds":[],"replace":true},"replaced.block.wood.place":{"sounds":["dig/wood1","dig/wood2","dig/wood3","dig/wood4"],"subtitle":"subtitles.block.generic.place"},"block.grass.place":{"sounds":[],"replace":true},"replaced.block.grass.place":{"sounds":["dig/grass1","dig/grass2","dig/grass3","dig/grass4"],"subtitle":"subtitles.block.generic.place"},"item.crop.plant":{"sounds":[],"replace":true},"replaced.item.crop.plant":{"sounds":[{"name":"item/plant/crop1","volume":0.45},{"name":"item/plant/crop1","pitch":1.2,"volume":0.45},{"name":"item/plant/crop2","volume":0.45},{"name":"item/plant/crop2","pitch":1.2,"volume":0.45},{"name":"item/plant/crop3","volume":0.45},{"name":"item/plant/crop3","pitch":1.2,"volume":0.45},{"name":"item/plant/crop4","volume":0.45},{"name":"item/plant/crop4","pitch":1.2,"volume":0.45},{"name":"item/plant/crop5","volume":0.45},{"name":"item/plant/crop5","pitch":1.2,"volume":0.45},{"name":"item/plant/crop6","volume":0.45},{"name":"item/plant/crop6","pitch":1.2,"volume":0.45}],"subtitle":"subtitles.block.generic.place"},"block.stone.break":{"sounds":[],"replace":true},"replaced.block.stone.break":{"sounds":["dig/stone1","dig/stone2","dig/stone3","dig/stone4"],"subtitle":"subtitles.block.generic.break"},"block.wood.break":{"sounds":[],"replace":true},"replaced.block.wood.break":{"sounds":["dig/wood1","dig/wood2","dig/wood3","dig/wood4"],"subtitle":"subtitles.block.generic.break"},"block.grass.break":{"sounds":[],"replace":true},"replaced.block.grass.break":{"sounds":["dig/grass1","dig/grass2","dig/grass3","dig/grass4"],"subtitle":"subtitles.block.generic.break"},"block.wool.break":{"sounds":[],"replace":true},"replaced.block.wool.break":{"sounds":["dig/cloth1","dig/cloth2","dig/cloth3","dig/cloth4"],"subtitle":"subtitles.block.generic.break"},"block.metal.break":{"sounds":[],"replace":true},"replaced.block.metal.break":{"sounds":["dig/stone1","dig/stone2","dig/stone3","dig/stone4"],"subtitle":"subtitles.block.generic.break"},"block.copper.break":{"sounds":[],"replace":true},"replaced.block.copper.break":{"sounds":["block/copper/break1","block/copper/break2","block/copper/break3","block/copper/break4"],"subtitle":"subtitles.block.generic.break"},"block.anvil.break":{"sounds":[],"replace":true},"replaced.block.anvil.break":{"sounds":["dig/stone1","dig/stone2","dig/stone3","dig/stone4"],"subtitle":"subtitles.block.generic.break"},"block.copper.step":{"sounds":[],"replace":true},"replaced.block.copper.step":{"sounds":["block/copper/step1","block/copper/step2","block/copper/step3","block/copper/step4","block/copper/step5","block/copper/step6"],"subtitle":"subtitles.block.generic.footsteps"},"block.anvil.step":{"sounds":[],"replace":true},"replaced.block.anvil.step":{"sounds":["step/stone1","step/stone2","step/stone3","step/stone4","step/stone5","step/stone6"],"subtitle":"subtitles.block.generic.footsteps"},"block.stone.step":{"sounds":[],"replace":true},"replaced.block.stone.step":{"sounds":["step/stone1","step/stone2","step/stone3","step/stone4","step/stone5","step/stone6"],"subtitle":"subtitles.block.generic.footsteps"},"block.wood.step":{"sounds":[],"replace":true},"replaced.block.wood.step":{"sounds":["step/wood1","step/wood2","step/wood3","step/wood4","step/wood5","step/wood6"],"subtitle":"subtitles.block.generic.footsteps"},"block.wool.step":{"sounds":[],"replace":true},"replaced.block.wool.step":{"sounds":["step/cloth1","step/cloth2","step/cloth3","step/cloth4"],"subtitle":"subtitles.block.generic.footsteps"},"block.metal.step":{"sounds":[],"replace":true},"replaced.block.metal.step":{"sounds":["step/stone1","step/stone2","step/stone3","step/stone4","step/stone5","step/stone6"],"subtitle":"subtitles.block.generic.footsteps"},"block.grass.step":{"sounds":[],"replace":true},"replaced.block.grass.step":{"sounds":["step/grass1","step/grass2","step/grass3","step/grass4","step/grass5","step/grass6"],"subtitle":"subtitles.block.generic.footsteps"},"block.wood.hit":{"sounds":[],"replace":true},"replaced.block.wood.hit":{"sounds":["step/wood1","step/wood2","step/wood3","step/wood4","step/wood5","step/wood6"],"subtitle":"subtitles.block.generic.hit"},"block.anvil.hit":{"sounds":[],"replace":true},"replaced.block.anvil.hit":{"sounds":["step/stone1","step/stone2","step/stone3","step/stone4","step/stone5","step/stone6"],"subtitle":"subtitles.block.generic.hit"},"block.metal.hit":{"sounds":[],"replace":true},"replaced.block.metal.hit":{"sounds":["step/stone1","step/stone2","step/stone3","step/stone4","step/stone5","step/stone6"],"subtitle":"subtitles.block.generic.hit"},"block.wool.hit":{"sounds":[],"replace":true},"replaced.block.wool.hit":{"sounds":["step/cloth1","step/cloth2","step/cloth3","step/cloth4"],"subtitle":"subtitles.block.generic.hit"},"block.copper.hit":{"sounds":[],"replace":true},"replaced.block.copper.hit":{"sounds":["block/copper/step1","block/copper/step2","block/copper/step3","block/copper/step4","block/copper/step5","block/copper/step6"],"subtitle":"subtitles.block.generic.hit"},"block.grass.hit":{"sounds":[],"replace":true},"replaced.block.grass.hit":{"sounds":["step/grass1","step/grass2","step/grass3","step/grass4","step/grass5","step/grass6"],"subtitle":"subtitles.block.generic.hit"},"block.stone.hit":{"sounds":[],"replace":true},"replaced.block.stone.hit":{"sounds":["step/stone1","step/stone2","step/stone3","step/stone4","step/stone5","step/stone6"],"subtitle":"subtitles.block.generic.hit"},"block.wooden_trapdoor.open":{"sounds":[],"replace":true},"replaced.block.wooden_trapdoor.open":{"sounds":[{"name":"block/wooden_trapdoor/open1","volume":0.9},{"name":"block/wooden_trapdoor/open2","volume":0.9},{"name":"block/wooden_trapdoor/open3","volume":0.9},{"name":"block/wooden_trapdoor/open4","volume":0.9},{"name":"block/wooden_trapdoor/open5","volume":0.9}],"subtitle":"subtitles.block.trapdoor.open"},"block.wooden_trapdoor.close":{"sounds":[],"replace":true},"replaced.block.wooden_trapdoor.close":{"sounds":[{"name":"block/wooden_trapdoor/close1","volume":0.9},{"name":"block/wooden_trapdoor/close2","volume":0.9},{"name":"block/wooden_trapdoor/close3","volume":0.9}],"subtitle":"subtitles.block.trapdoor.close"},"block.wooden_door.open":{"sounds":[],"replace":true},"replaced.block.wooden_door.open":{"sounds":[{"name":"block/wooden_door/open1","volume":0.9},{"name":"block/wooden_door/open2","volume":0.9}],"subtitle":"subtitles.block.door.toggle"},"block.wooden_door.close":{"sounds":[],"replace":true},"replaced.block.wooden_door.close":{"sounds":[{"name":"block/wooden_door/close1","volume":0.9},{"name":"block/wooden_door/close2","volume":0.9},{"name":"block/wooden_door/close3","volume":0.9}],"subtitle":"subtitles.block.door.toggle"},"block.fence_gate.open":{"sounds":[],"replace":true},"replaced.block.fence_gate.open":{"sounds":[{"name":"block/fence_gate/open1","volume":0.9},{"name":"block/fence_gate/open2","volume":0.9}],"subtitle":"subtitles.block.fence_gate.toggle"},"block.fence_gate.close":{"sounds":[],"replace":true},"replaced.block.fence_gate.close":{"sounds":[{"name":"block/fence_gate/close1","volume":0.9},{"name":"block/fence_gate/close2","volume":0.9}],"subtitle":"subtitles.block.fence_gate.toggle"},"block.wooden_button.click_on":{"sounds":[],"replace":true},"replaced.block.wooden_button.click_on":{"sounds":[{"name":"random/wood_click","pitch":0.6,"volume":0.3}],"subtitle":"subtitles.block.button.click"},"block.wooden_button.click_off":{"sounds":[],"replace":true},"replaced.block.wooden_button.click_off":{"sounds":[{"name":"random/wood_click","pitch":0.5,"volume":0.3}],"subtitle":"subtitles.block.button.click"}}